{"cameraMode":{"drawMode":0,"name":"Shaded","section":"Shading Mode"},"sceneLighting":false,"audioPlay":false,"sceneViewState":{"showFog":true,"showMaterialUpdate":false,"showSkybox":false,"showFlares":true,"showImageEffects":true,"showParticleSystems":true,"showVisualEffectGraphs":true,"m_FxEnabled":true},"in2DMode":false,"pivot":{"x":10.27728271484375,"y":1.5369511842727662,"z":-78.9129409790039},"rotation":{"x":-0.0028159115463495256,"y":-0.9942734241485596,"z":0.029847895726561548,"w":-0.09932532906532288},"size":3.2696526050567629,"orthographic":false}