{"cameraMode":{"drawMode":0,"name":"Shaded","section":"Shading Mode"},"sceneLighting":false,"audioPlay":false,"sceneViewState":{"showFog":true,"showMaterialUpdate":false,"showSkybox":false,"showFlares":true,"showImageEffects":true,"showParticleSystems":true,"showVisualEffectGraphs":true,"m_FxEnabled":true},"in2DMode":false,"pivot":{"x":73.50748443603516,"y":1.7721483707427979,"z":-1.7022135257720948},"rotation":{"x":0.006613457575440407,"y":-0.989080011844635,"z":-0.050535570830106738,"w":-0.13580085337162019},"size":4.9749369621276859,"orthographic":false}